{
  "xgb": {
    "brier_raw": 0.22691350361705342,
    "brier_platt": 0.0569466933586806,
    "brier_isotonic": 0.0
  },
  "nlp": {
    "brier_raw": 0.14307414030230167,
    "brier_platt": 0.05726475997545167,
    "brier_isotonic": 0.05694628377938802
  }
}