{
  "xgb": {
    "model_type": "xgb",
    "accuracy": 1.0,
    "precision": 1.0,
    "recall": 1.0,
    "f1": 1.0,
    "roc_auc": 1.0,
    "pr_auc": 1.0
  },
  "nlp": {
    "model_type": "nlp",
    "accuracy": 0.8381962864721485,
    "precision": 0.047619047619047616,
    "recall": 0.08695652173913043,
    "f1": 0.06153846153846154,
    "roc_auc": 0.46364529599606974,
    "pr_auc": 0.06256426161546248
  }
}