{
  "xgb": {
    "accuracy": 0.9973474801061007,
    "precision": 1.0,
    "recall": 0.9565217391304348,
    "f1": 0.9777777777777777,
    "roc_auc": 0.9993244902972243,
    "pr_auc": 0.9859335038363172
  },
  "nlp": {
    "accuracy": 0.8567639257294429,
    "precision": 0.05714285714285714,
    "recall": 0.08695652173913043,
    "f1": 0.06896551724137931,
    "roc_auc": 0.3747236551215918,
    "pr_auc": 0.049470098036200616
  }
}