{
  "xgb": {
    "threshold": 0.494480699300766,
    "best_f1": 1.0
  },
  "nlp": {
    "threshold": 0.16670813391688516,
    "best_f1": 0.12222222222222223
  }
}