{
  "baseline_val": {
    "accuracy": 1.0,
    "precision": 1.0,
    "recall": 1.0,
    "f1": 1.0,
    "roc_auc": 1.0,
    "pr_auc": 1.0
  },
  "ablated_val": {
    "accuracy": 1.0,
    "precision": 1.0,
    "recall": 1.0,
    "f1": 1.0,
    "roc_auc": 1.0,
    "pr_auc": 1.0
  },
  "baseline_test": {
    "accuracy": 0.9973474801061007,
    "precision": 1.0,
    "recall": 0.9565217391304348,
    "f1": 0.9777777777777777,
    "roc_auc": 0.9993244902972243,
    "pr_auc": 0.9859335038363172
  },
  "ablated_test": {
    "accuracy": 1.0,
    "precision": 1.0,
    "recall": 1.0,
    "f1": 1.0,
    "roc_auc": 1.0,
    "pr_auc": 1.0
  }
}