,TransactionAmount,CustomerAge,TransactionDuration,LoginAttempts,AccountBalance,amt_to_bal,txn_hour,minutes_since_prev,is_weekend,flag_high_amount,flag_high_ratio,flag_many_logins,flag_night,flag_rapid_repeat_high,flag_weekend_high,risk_score,is_fraud
count,2512.0,2512.0,2512.0,2512.0,2512.0,2512.0,2512.0,2512.0,2512.0,2512.0,2512.0,2512.0,2512.0,2512.0,2512.0,2512.0,2512.0
mean,297.5937778662421,44.673964968152866,119.64331210191082,1.1246019108280254,5114.302965764332,0.20001343499701668,16.626194267515924,-701976.7054140128,0.0,0.05015923566878981,0.05015923566878981,0.037818471337579616,0.0,0.10031847133757962,0.0,0.23845541401273884,0.06090764331210191
std,291.9462433824226,17.79219819836647,69.963756924654,0.6026622213569613,3900.942498731102,0.5118656511433979,0.7310588212166206,153186.7378544171,0.0,0.21831688110579,0.21831688110579,0.19079498445807425,0.0,0.30048397521992837,0.0,0.5980737721718986,0.23920844724189633
min,0.26,18.0,10.0,1.0,101.25,4.470160283184654e-05,16.0,-967211.0,0.0,0.0,0.0,0.0,0.0,0.0,0.0,0.0,0.0
25%,81.885,27.0,63.0,1.0,1504.3700000000001,0.018161051533750534,16.0,-836147.0,0.0,0.0,0.0,0.0,0.0,0.0,0.0,0.0,0.0
50%,211.14,45.0,112.5,1.0,4735.51,0.051922076204514264,16.0,-699260.5,0.0,0.0,0.0,0.0,0.0,0.0,0.0,0.0,0.0
75%,414.52750000000003,59.0,161.0,1.0,7678.82,0.15165644504373876,17.0,-568165.5,0.0,0.0,0.0,0.0,0.0,0.0,0.0,0.0,0.0
max,1919.11,80.0,300.0,5.0,14977.99,7.8959882583170256,18.0,-442904.0,0.0,1.0,1.0,1.0,0.0,1.0,0.0,4.0,1.0
